Source,Target,Weight
#ChinaLiedPeopleDied,#ChinaVirus,232
#QAnons,#WWG1WGA,192
#ChinaVirus,#ChineseVirus,88
#SaveTheChildren,#TheGreatAwakening,71
#SaveTheChildren,#TheGreatAwakeningWorldwide,15
#CrimesAgainstChildren,#SaveTheChildren,4
#QAnon,#SaveTheChildren,117
#Q,#SaveTheChildren,29
#DarkToLight,#SaveTheChildren,64
#SaveTheChildren,#WWG1WGA,202
#TheGreatAwakening,#TheGreatAwakeningWorldwide,82
#CrimesAgainstChildren,#TheGreatAwakening,9
#QAnon,#TheGreatAwakening,473
#Q,#TheGreatAwakening,121
#DarkToLight,#TheGreatAwakening,157
#TheGreatAwakening,#WWG1WGA,787
#CrimesAgainstChildren,#TheGreatAwakeningWorldwide,1
#QAnon,#TheGreatAwakeningWorldwide,90
#Q,#TheGreatAwakeningWorldwide,19
#DarkToLight,#TheGreatAwakeningWorldwide,72
#TheGreatAwakeningWorldwide,#WWG1WGA,115
#CrimesAgainstChildren,#QAnon,15
#CrimesAgainstChildren,#Q,2
#CrimesAgainstChildren,#DarkToLight,2
#CrimesAgainstChildren,#WWG1WGA,8
#Q,#QAnon,318
#DarkToLight,#QAnon,148
#QAnon,#WWG1WGA,1652
#DarkToLight,#Q,47
#Q,#WWG1WGA,391
#DarkToLight,#WWG1WGA,285
#CrimesAgainstChildren,#TheStormIsUponUs,2
#QAnon,#TheStormIsUponUs,38
#VoterFraud,#VoterIDNow,42
#Plandemic,#WWG1WGA,22
#PizzaGate,#Plandemic,6
#Plandemic,#QAnon,12
#PizzaGate,#WWG1WGA,58
#PizzaGate,#QAnon,61
#QAnon,#SavetheChildren,17
#Agenda21,#SavetheChildren,1
#Agenda2030,#SavetheChildren,1
#Agenda21,#QAnon,7
#Agenda2030,#QAnon,7
#Agenda2030,#Agenda21,42
#WWG1WGA,#WWG1WGAWORLDWIDE,348
#COVIDIOT,#COVIDIOTS,35
#Agenda2030,#FireFauci,2
#BillGatesIsNotOurFriend,#ChinaLiedPeopleDied,3
#BoycottChina,#MakeChinaPay,36
#COVIDIOT,#ChinaLiedPeopleDied,2
#QAnon,#QAnon2018,148
#QAnon,#QAnon2020,196
#QAnon2018,#QAnon2020,146
#q,#qanon,144
#FilmYourHospital,#plandemic,5
#VoterID,#VoterIDNow,26
#ChinaLiedPeopleDied,#ChinaMustPay,148
#Qanon,#WWG1WGA,1019
#GreatAwakening,#Qanon,488
#GreatAwakening,#WWG1WGA,687
#WWG1WGAWORLDWIDE,#q,43
#WWG1WGAWORLDWIDE,#qanon,78
#ChinaMustExplain,#ChinaVirus,28
#BoycottChina,#ChinaVirus,46
#CCPVirus,#ChinaVirus,89
#ChinaVirus,#MakeChinaPay,26
#BoycottChina,#ChinaMustExplain,12
#CCPVirus,#ChinaMustExplain,14
#ChinaMustExplain,#ChineseVirus,40
#ChinaMustExplain,#MakeChinaPay,7
#BoycottChina,#CCPVirus,26
#BoycottChina,#ChineseVirus,24
#CCPVirus,#ChineseVirus,79
#CCPVirus,#MakeChinaPay,48
#ChineseVirus,#MakeChinaPay,16
#Q,#WWG1WGAWORLDWIDE,55
#QAnon,#QArmy,350
#QANON,#WWG1WGA,234
#QAnons,#WWG1WGA_WORLDWIDE,17
#QArmy,#WWG1WGA,338
#FakeNews,#FakeNewsMedia,75
#DeepState,#FakeNewsMedia,8
#WWG1WGA,#qanon,230
#QAnon2020,#WWG1WGA,70
#QAnon2020,#TheGreatAwakening,31
#ChinaLiedPeopleDie,#ChinaVirus,44
#ChinaLiedPeopleDie,#MakeChinaPay,17
#BoycottChina,#ChinaLiedPeopleDie,14
#Pedogate,#WWG1WGA,39
#Pedogate,#WWG1WGAWORLDWIDE,5
#COVIDIOTS,#FakeNews,8
#BillGatesIsEvil,#BillGatesVirus,39
#BillGatesIsEvil,#BillGatesIsNotOurFriend,33
#BillGatesIsNotOurFriend,#BillGatesVirus,24
#CCP_is_terrorist,#ChinaLiedPeopleDied,20
#ChinaLiedPeopleDied,#chinazi,25
#ChinaLiedPeopleDied,#ChineseVirus,133
#BoycottChina,#ChinaLiedPeopleDied,77
#ChinaMustPay,#chinazi,6
#ChinaMustPay,#ChineseVirus,49
#BoycottChina,#ChinaMustPay,35
#ChineseVirus,#chinazi,6
#BoycottChina,#chinazi,8
#BoycottChina,#FakeNews,4
#qanon,#wwg1wga,200
#Qanons,#WWG1WGA,66
#DeepStateExposed,#WWG1WGA,19
#Q,#QANON,60
#ChinaLiedPeopleDie,#ChinaMustPay,33
#ChinaLiedPeopleDie,#Chinamustfall,5
#ChinaMustPay,#MakeChinaPay,16
#Chinamustfall,#MakeChinaPay,1
#ChinaMustPay,#ChinaVirus,85
#ChinaVirus,#Chinamustfall,5
#ChinaMustPay,#Chinamustfall,13
#chinavirus,#endthelockdown,1
#ChinaLiedPeopleDied,#chinavirus,13
#ChinaLiedPeopleDied,#endthelockdown,2
#DarkToLight,#WWG1WGAWORLDWIDE,94
#DeepState,#DeepStateExposed,11
#DeepState,#TheGreatAwakening,61
#DeepStateExposed,#TheGreatAwakening,14
#thegreatawakening,#wwg1wga,36
#WWG1WGAWORLDWIDE,#wwg1wga,27
#qanon,#thegreatawakening,60
#WWG1WGAWORLDWIDE,#thegreatawakening,11
#DeepState,#QAnon,90
#CCPLiedPeopleDied,#CCP_is_terrorist,47
#CCPLiedPeopleDied,#ChinaMustPay,15
#CCPLiedPeopleDied,#ChineseBioterrorism,2
#CCP_is_terrorist,#ChinaMustPay,11
#CCP_is_terrorist,#ChineseBioterrorism,2
#ChinaMustPay,#ChineseBioterrorism,25
#TheGreatAwakening,#TheStormIsUponUs,79
#DeepState,#Qanon,22
#ChinaIsAsshoe,#ChinaLiedPeopleDied,35
#TheStormIsHere,#WWG1WGA,71
#SaveTheChildren,#TheStormIsHere,11
#ChineseVirus19,#genocide,1
#EmptyHospitals,#FilmYourHospital,53
#DeepState,#FakeNews,28
#DeepState,#WWG1WGA,90
#FakeNewsMedia,#WWG1WGA,27
#FakeNews,#WWG1WGA,74
#GreatAwakening,#QanonArmy,2
#QanonArmy,#WWG1WGA,40
#ChinaLiedPeopleDie,#ChineseVirus,33
#CCPVirus,#FireFauci,5
#CoronaVirusHOAX,#endthelockdown,6
#CoronaVirusHOAX,#FireFauci,1
#FireFauci,#endthelockdown,9
#QAnon,#QAnons,84
#QAnons,#QArmy,101
#DarkToLight,#QAnons,25
#QAnon2020,#QAnons,37
#DarkToLight,#QArmy,36
#QAnon2020,#QArmy,41
#DarkToLight,#QAnon2020,9
#ChinaLiedAndPeopleDied,#ChinaVirus,47
#ChinaLiedAndPeopleDied,#ChineseBioterrorism,12
#ChinaVirus,#ChineseBioterrorism,22
#BillGatesIsEvil,#FakeNewsMedia,5
#Qanon,#TrustThePlan,23
#BillGatesIsNotOurFriend,#CCPVirus,1
#DarkToLight,#TrustThePlan,32
#TheGreatAwakening,#TrustThePlan,53
#Qanon,#wwg1wga,36
#FireFauci,#WWG1WGA,21
#Pedogate,#PizzaGate,35
#VoterFraud,#VoterID,82
#Q,#QAnons,50
#Q,#QArmy,72
#ChinaLiedPeopleDied,#ChineseVirus19,42
#Pedogate,#SaveTheChildren,15
#FauciFraud,#FireFauci,30
#CCPvirus,#ChinaLiedPeopleDie,3
#Qanon,#TheGreatAwakening,221
#PizzaGate,#SaveTheChildren,37
#SaveTheChildren,#WWG1WGAWORLDWIDE,33
#PizzaGate,#TheGreatAwakening,39
#TheGreatAwakening,#WWG1WGAWORLDWIDE,108
#PizzaGate,#WWG1WGAWORLDWIDE,13
#CrimesAgainstChildren,#CrimesAgainstHumanity,23
#CrimesAgainstChildren,#PizzaGate,8
#Pedogate,#Qanons,1
#TheGreatAwakening,#TheStormIsHere,50
#TheStormIsHere,#fakenews,1
#TheGreatAwakening,#fakenews,3
#WWG1WGA,#fakenews,7
#DeepStateExposed,#FauciFraud,2
#DeepState,#QArmy,15
#CrimesAgainstHumanity,#PizzaGate,2
#DrainTheSwamp,#SpyGate,5
#ChineseBioterrorism,#ChineseVirus19,32
#Pedogate,#QAnon,47
#Pedogate,#QArmy,5
#ChinaLiedPeopleDied,#MakeChinaPay,63
#FilmYourHospital,#QAnon,11
#FilmYourHospital,#WWG1WGA,8
#ChineseVirus19,#Coronavirustruth,5
#GreatAwakening,#WWG1WGAWORLDWIDE,45
#CrimesAgainstHumanity,#GreatAwakening,10
#CrimesAgainstHumanity,#WWG1WGAWORLDWIDE,6
#WWG1WGA,#q,45
#ChineseCoronaVirus,#ChineseVirus19,7
#ChineseBioterrorism,#ChineseCoronaVirus,5
#CoronaHoax,#FilmYourHospital,31
#CoronaHoax,#EmptyHospitals,6
#DarkToLight,#Qanon,65
#DarkToLight,#GreatAwakening,45
#QArmy,#Qanon,40
#Q,#Qanon,155
#TrustThePlan,#wwg1wga,4
#Q,#TrustThePlan,31
#QAnons,#TrustThePlan,6
#Q,#wwg1wga,15
#QAnons,#wwg1wga,9
#ChinaLiedAndPeopleDied,#ChinaMustExplain,50
#ChinaLiedAndPeopleDied,#ChinaLiedPeopleDie,2
#ChinaLiedPeopleDie,#ChinaMustExplain,18
#QAnons,#TheGreatAwakening,64
#DEEPSTATETAKEDOWN,#TheGreatAwakening,7
#DEEPSTATETAKEDOWN,#QAnons,3
#BillGatesVirus,#DeepStateExposed,2
#DEEPSTATETAKEDOWN,#QAnon,6
#DEEPSTATETAKEDOWN,#WWG1WGA,16
#PIZZAGATEISREAL,#Pedogate,8
#PIZZAGATEISREAL,#PizzaGate,14
#ChinaIsAsshoe,#FakeNewsCNN,1
#fakenews,#qanon,7
#WWG1WGA,#thegreatawakening,36
#QANON,#thegreatawakening,5
#QANON,#WWG1WGAWORLDWIDE,13
#GreatAwakening,#QArmy,58
#Q,#qanon,21
#TheGreatAwakening,#qanon,86
#qanon,#savethechildren,23
#Q,#savethechildren,8
#TheGreatAwakening,#savethechildren,8
#WWG1WGA,#savethechildren,10
#QArmy,#WWG1WGAWORLDWIDE,69
#QAnons,#WWG1WGAWORLDWIDE,58
#GreatAwakening,#QAnons,35
#CCPVirus,#ChinaLiedAndPeopleDied,34
#BoycottChina,#ChinaLiedAndPeopleDied,16
#FakeNews,#VoterID,1
#PizzaGate,#Qanon,23
#CrimesAgainstHumanity,#TheGreatAwakening,5
#CrimesAgainstHumanity,#wwg1wga,1
#CrimesAgainstHumanity,#qanon,2
#CrimesAgainstHumanity,#DarkToLight,2
#TheGreatAwakening,#wwg1wga,50
#DarkToLight,#wwg1wga,11
#DarkToLight,#qanon,21
#CCPLiedPeopleDied,#CCPVirus,83
#CCPLiedPeopleDied,#MakeChinaPay,10
#PIZZAGATEISREAL,#SaveTheChildren,11
#ChinaLiedAndPeopleDied,#ChinaMustPay,46
#FakeNews,#FakeNewsAlert,22
#PizzaGate,#qanon,9
#Qanon,#TheStormIsHere,20
#COVIDIOTS,#Coronavirustruth,6
#COVIDIOTS,#ChineseVirus19,2
#CCPVirus,#ChinaLiedPeopleDied,143
#q,#wwg1wga,40
#q,#thegreatawakening,24
#q,#savethechildren,4
#savethechildren,#wwg1wga,13
#savethechildren,#thegreatawakening,10
#COVIDIOT,#Coronavirustruth,2
#CoronaHoax,#Coronavirustruth,11
#COVIDIOT,#CoronaHoax,3
#Qanon,#Qarmy,47
#Agenda21,#Qanon,4
#Agenda21,#Qarmy,2
#DeepState,#SaveTheChildren,12
#DeepState,#Treason,7
#QAnon,#Treason,20
#SaveTheChildren,#Treason,2
#TheGreatAwakening,#Treason,9
#GreatAwakening,#Q,66
#ChinaIsAsshoe,#ChinaLiedPeopleDie,6
#TheStormIsUponUs,#WWG1WGA,84
#CrimesAgainstHumanity,#Spygate,1
#CCPVirus,#CCP_is_terrorist,56
#QAnon,#Qanon,13
#QAnon2020,#Qanon,27
#Qanon,#WWG1WGAWORLDWIDE,71
#QAnon,#WWG1WGAWORLDWIDE,202
#QAnon2020,#WWG1WGAWORLDWIDE,25
#QANON,#Qanon,7
#GreatAwakening,#TheStormIsHere,12
#GreatAwakening,#QANON,24
#QArmy,#TheStormIsHere,17
#QANON,#TheStormIsHere,4
#QANON,#QArmy,5
#BigPharma,#FakeNews,4
#FakeNews,#QAnon,41
#BigPharma,#QAnon,7
#QAnon,#wwg1wga,40
#QAnons,#qanon,23
#CoronaHoax,#FireFauci,12
#ChinaLiedAndPeopleDied,#ChineseVirus19,17
#TrustThePlan,#WWG1WGA,144
#CCPvirus,#ChineseVirus,7
#endthelockdown,#endthelockdownnow,13
#QAnons,#TheGreatAwakeningWorldwide,19
#CCPvirus,#ChinaMustPay,3
#QArmy,#TheGreatAwakening,104
#DrainTheSwamp,#VoterFraud,2
#DrainTheSwamp,#VoterID,4
#pizzagate,#q,4
#ChinaVirus,#chinazi,7
#ChineseVirus19,#chinazi,4
#ChinaVirus,#ChineseVirus19,22
#Qanon,#Qanons,68
#Qanons,#WWG1WGAWORLDWIDE,15
#Coronavirustruth,#TheGreatAwakeningWorldwide,1
#LockdownEnd,#endthelockdownnow,1
#QArmy,#Treason,6
#Treason,#WWG1WGA,21
#Treason,#WWG1WGAWORLDWIDE,3
#Q,#Treason,6
#DrainTheSwamp,#TheGreatAwakening,22
#DrainTheSwamp,#TrustThePlan,5
#Pedogate,#pizzagate,7
#QAnon,#TheStormIsHere,49
#ChinaLiedPeopleDied,#ChineseBioterrorism,36
#TrustThePlan,#qanon,7
#CCPVirus,#ChinaLiedPeopleDie,33
#PizzaGate,#TrustThePlan,4
#conspiracy,#fakenews,5
#ChineseVirus,#FakeNewsMedia,6
#Qanon,#pizzagate,4
#Qanon,#deepstate,4
#deepstate,#pizzagate,4
#CCPVirus,#ChinaMustPay,49
#ChinaMustPay,#ChineseVirus19,17
#CCPVirus,#ChineseVirus19,10
#ChineseVirus,#ChineseVirus19,36
#DeepState,#GreatAwakening,10
#VoterID,#WWG1WGA,12
#Qanon,#SaveTheChildren,54
#SaveTheChildren,#TrustThePlan,21
#ChinaVirus,#FakeNews,15
#TheStormIsHere,#WWG1WGAWORLDWIDE,14
#CrimesAgainstHumanity,#Q,3
#TheGreatAwakeningWorldwide,#WWG1WGAWORLDWIDE,103
#COVIDIOT,#SignsYoureACOVIDIOT,6
#COVIDIOTS,#SignsYoureACOVIDIOT,1
#BigPharma,#BillGatesVirus,5
#QAnon,#Qanons,9
#PizzaGate,#QArmy,7
#DrainTheSwamp,#PizzaGate,7
#DrainTheSwamp,#QAnon,49
#DrainTheSwamp,#WWG1WGA,69
#QANON,#TheGreatAwakeningWorldwide,7
#QANON,#WWG1WGA_WORLDWIDE,7
#TheGreatAwakeningWorldwide,#WWG1WGA_WORLDWIDE,20
#BillGatesVirus,#COVIDIOT,2
#DrainTheSwamp,#Qanon,9
#BillGatesIsEvil,#Qanon,2
#BillGatesIsEvil,#WWG1WGA,15
#BillGatesIsEvil,#DrainTheSwamp,4
#ChinaVirus,#WWG1WGA,34
#ChineseVirus,#WWG1WGA,13
#ChinaLiedPeopleDied,#FakeNews,14
#ChineseVirus,#FireFauci,3
#ChinaLiedPeopleDied,#ChinaMustExplain,41
#DeepState,#PIZZAGATEISREAL,4
#DeepState,#QAnon2018,3
#DeepState,#QAnon2020,7
#CoronaHoax,#FakeNews,9
#Agenda21,#CrimesAgainstHumanity,5
#Agenda21,#GreatAwakening,3
#Agenda21,#WWG1WGA,9
#CrimesAgainstHumanity,#WWG1WGA,12
#WWG1WGA,#WWG1WGA_WORLDWIDE,105
#WWG1WGAWORLDWIDE,#WWG1WGA_WORLDWIDE,16
#endthelockdown,#plandemic,1
#DarkToLight,#Plandemic,1
#ChinaLiedPeopleDie,#FakeNewsMedia,1
#ChineseVirus,#QAnon,8
#ChineseVirus,#TheGreatAwakening,7
#ChineseVirus,#QArmy,3
#ChineseVirus,#DarkToLight,2
#DeepStateExposed,#WWG1WGAWORLDWIDE,5
#BillGatesVirus,#SaveTheChildren,3
#FauciFraud,#WWG1WGA,5
#FauciFraud,#QanonArmy,1
#QArmy,#Qanons,18
#DarkToLight,#GreatAwakeningWorldwide,17
#FauciFraud,#Qanon,3
#BillGatesBioTerrorist,#Qanon,2
#BillGatesBioTerrorist,#FauciFraud,4
#DeepState,#FauciFraud,13
#BillGatesBioTerrorist,#DeepState,4
#GreatAwakeningWorldwide,#WWG1WGA,42
#GreatAwakeningWorldwide,#WWG1WGAWORLDWIDE,20
#BoycottChina,#ChineseVirus19,8
#Qarmy,#TheGreatAwakeningWorldwide,31
#Qarmy,#WWG1WGAWORLDWIDE,36
#5GCoronavirus,#fakenews,4
#GreatAwakeningWorldwide,#TrustThePlan,6
#Qanon,#fakenews,3
#FireFauci,#QAnon,11
#FireFauci,#Plandemic,16
#Coronavirustruth,#QAnon,11
#Coronavirustruth,#WWG1WGA,10
#DarkToLight,#TheStormIsHere,14
#GreatAwakeningWorldwide,#QAnon,38
#GreatAwakening,#QAnon,170
#QAnon2020,#TheGreatAwakeningWorldwide,7
#ChinaLiedAndPeopleDied,#ChineseVirus,38
#DeepState,#FireFauci,15
#DeepState,#DrainTheSwamp,30
#DrainTheSwamp,#FireFauci,7
#FakeNews,#endthelockdown,4
#DeepState,#Fakenews,1
#COVIDIOTS,#QAnon,6
#DrainTheSwamp,#Q,21
#FakeNews,#Q,11
#DrainTheSwamp,#FakeNews,16
#QAnon,#Spygate,24
#Pedogate,#TheGreatAwakening,26
#Spygate,#TheGreatAwakening,16
#DeepState,#Pedogate,20
#DeepState,#Spygate,20
#Pedogate,#Spygate,13
#Spygate,#WWG1WGA,25
#QAnon,#TrustThePlan,76
#BillGatesVirus,#CoronaVirusHOAX,2
#CoronaVirusHOAX,#FilmYourHospital,9
#Agenda21,#CoronaVirusHOAX,7
#Agenda2030,#CoronaVirusHOAX,4
#BillGatesVirus,#FilmYourHospital,2
#Agenda21,#BillGatesVirus,7
#Agenda2030,#BillGatesVirus,1
#Agenda21,#FilmYourHospital,5
#Agenda2030,#FilmYourHospital,3
#CoronaHoax,#FauciFraud,6
#TheStormIsHere,#thegreatawakening,4
#GreatAwakening,#GreatAwakeningWorldwide,14
#BoycottChina,#endthelockdownnow,1
#PIZZAGATEISREAL,#qanon,9
#DEEPSTATETAKEDOWN,#Treason,2
#ChineseVirus,#Qanon,6
#CNNFakeNews,#Plandemic,1
#ChinaLiedPeopleDie,#ChinaLiedPeopleDied,12
#CoronaVirusHOAX,#Coronavirustruth,8
#5GCoronavirus,#CoronaVirusHOAX,5
#5GCoronavirus,#Coronavirustruth,3
#CCPLiedPeopleDied,#ChinaVirus,12
#FakeNewsCNN,#FakeNewsMedia,16
#CCPVirus,#chinazi,17
#QAnon,#SpyGate,13
#QArmy,#SpyGate,8
#GreatAwakening,#SpyGate,10
#Q,#thegreatawakening,14
#QAnon,#thegreatawakening,10
#ChinaLiedAndPeopleDied,#MakeChinaPay,13
#ChinaMustExplain,#ChineseVirus19,14
#ChinaMustExplain,#ChineseBioterrorism,11
#QANON,#TheGreatAwakening,29
#FilmYourHospital,#wwg1wga,3
#FakePandemic,#FilmYourHospital,14
#FakePandemic,#wwg1wga,3
#QArmy,#TrustThePlan,16
#QArmy,#TheStormIsUponUs,12
#TheStormIsUponUs,#TrustThePlan,11
#QArmy,#qanon,23
#PIZZAGATEISREAL,#QAnon,13
#CNNFakeNews,#CoronaVirusHOAX,1
#PIZZAGATEISREAL,#pizzagate,9
#QAnon,#pizzagate,13
#Qarmy,#WWG1WGA,40
#Qarmy,#TheGreatAwakening,20
#Qarmy,#SaveTheChildren,6
#COVIDIOTS,#Qanon,1
#COVIDIDIOT,#COVIDIOTS,4
#COVIDIOT,#LockdownEnd,2
#BoycottChina,#Chinamustfall,4
#ChinaLiedPeopleDied,#Chinamustfall,11
#GreatAwakening,#Qarmy,8
#DarkToLight,#Qarmy,38
#SavetheChildren,#WWG1WGA,22
#CrimesAgainstChildren,#Qanon,2
#CrimesAgainstHumanity,#Qanon,2
#GreatAwakening,#SavetheChildren,5
#QArmy,#SavetheChildren,3
#Q,#TheStormIsUponUs,18
#QAnons,#TheStormIsUponUs,10
#QArmy,#SaveTheChildren,22
#DarkToLight,#PizzaGate,14
#pizzagate,#qanon,13
#Agenda21,#SaveTheChildren,6
#QAnons,#SaveTheChildren,18
#Agenda21,#QAnons,8
#ChinaIsAsshoe,#chinazi,6
#DeepState,#QAnons,14
#BoycottChina,#plandemic,1
#ChineseBioterrorism,#MakeChinaPay,4
#ChinaLiedPeopleDie,#ChineseBioterrorism,17
#BillGatesIsEvil,#CrimesAgainstHumanity,2
#FakeNewsMedia,#qanon,3
#BillGatesBioTerrorist,#BillGatesIsNotOurFriend,23
#BillGatesBioTerrorist,#DarkToLight,1
#BillGatesBioTerrorist,#TheGreatAwakeningWorldwide,1
#BillGatesBioTerrorist,#TheGreatAwakening,3
#Agenda2030,#BillGatesBioTerrorist,4
#Agenda21,#BillGatesBioTerrorist,5
#BillGatesIsNotOurFriend,#DarkToLight,2
#BillGatesIsNotOurFriend,#TheGreatAwakeningWorldwide,2
#BillGatesIsNotOurFriend,#TheGreatAwakening,6
#Agenda2030,#BillGatesIsNotOurFriend,1
#Agenda21,#BillGatesIsNotOurFriend,4
#Agenda2030,#DarkToLight,1
#Agenda21,#DarkToLight,3
#Agenda2030,#TheGreatAwakeningWorldwide,2
#Agenda21,#TheGreatAwakeningWorldwide,4
#Agenda2030,#TheGreatAwakening,3
#Agenda21,#TheGreatAwakening,5
#CoronaVirusHOAX,#EmptyHospitals,2
#Agenda21,#EmptyHospitals,1
#Agenda21,#FakePandemic,3
#Agenda2030,#FakePandemic,2
#Qanon,#TheStormIsUponUs,24
#TheStormIsHere,#qanon,13
#GreatAwakening,#SaveTheChildren,29
#chinavirus,#chinazi,3
#ChineseVirus,#WWG1WGAWORLDWIDE,1
#DarkToLight,#WWG1WGA_WORLDWIDE,24
#TheStormIsHere,#WWG1WGA_WORLDWIDE,4
#ChinaVirus,#QAnon,11
#ChinaVirus,#QArmy,4
#ChinaIsAsshoe,#ChinaMustPay,11
#TheGreatAwakeningWorldwide,#qanon,11
#COVIDIOTS,#ChinaLiedAndPeopleDied,2
#CoronaVirusHOAX,#FakeNews,1
#PIZZAGATEISREAL,#WWG1WGA,16
#PIZZAGATEISREAL,#WWG1WGAWORLDWIDE,13
#BillGatesBioTerrorist,#BillGatesIsEvil,27
#BillGatesBioTerrorist,#PizzaGate,2
#BillGatesIsNotOurFriend,#PizzaGate,2
#BillGatesIsEvil,#PizzaGate,2
#ChinaIsAsshoe,#ChinaMustExplain,2
#Plandemic,#fakenews,2
#ChineseVirus,#FakeNews,12
#CCPVirus,#FakeNews,3
#CCPLiedPeopleDied,#FakeNews,3
#CCPLiedPeopleDied,#ChineseVirus,10
#Q,#WWG1WGA_WORLDWIDE,22
#QAnon,#WWG1WGA_WORLDWIDE,61
#CCPVirus,#ChinaIsAsshoe,12
#QanonArmy,#wwg1wga,3
#DeepStateExposed,#GreatAwakeningWorldwide,2
#Q,#QanonArmy,10
#Qanon,#QanonArmy,13
#QanonArmy,#WWG1WGAWORLDWIDE,24
#TrustThePlan,#WWG1WGAWORLDWIDE,18
#DrainTheSwamp,#GreatAwakening,16
#FakeNews,#GreatAwakening,15
#COVIDIOT,#FakeNews,2
#GreatAwakening,#fakenews,2
#FauciFraud,#Plandemic,5
#DeepState,#Q,16
#DarkToLight,#DeepState,24
#Q,#Qarmy,27
#QAnons,#SavetheChildren,1
#DeepState,#SavetheChildren,2
#CoronaHoax,#Plandemic,16
#ChinaIsAsshoe,#ChinaVirus,18
#plandemic,#qanon,5
#WWG1WGA,#plandemic,4
#PizzaGate,#QAnon2020,5
#FakePandemic,#endthelockdown,5
#CCP_is_terrorist,#ChineseVirus,11
#CCP_is_terrorist,#ChinaLiedPeopleDie,7
#DeepState,#wwg1wga,4
#Treason,#wwg1wga,2
#FakeNews,#wwg1wga,4
#FakeNews,#Treason,5
#CCPLiedPeopleDied,#Coronavirustruth,3
#BigPharma,#QAnon2018,1
#BigPharma,#QAnon2020,1
#COVIDIOTS,#FireFauci,5
#CCP_is_terrorist,#chinazi,10
#QArmy,#TheGreatAwakeningWorldwide,20
#CrimesAgainstHumanity,#QArmy,2
#CrimesAgainstHumanity,#QAnon,12
#Q,#TheStormIsHere,22
#TheGreatAwakeningWorldwide,#TheStormIsHere,11
#CrimesAgainstHumanity,#TheStormIsHere,1
#CrimesAgainstHumanity,#TheGreatAwakeningWorldwide,1
#ChinaMustPay,#EmptyHospitals,1
#ChinaVirus,#EmptyHospitals,2
#DeepStateExposed,#QAnon,10
#CrimesAgainstChildren,#Treason,3
#CrimesAgainstChildren,#Pedogate,6
#CrimesAgainstHumanity,#Pedogate,3
#Pedogate,#qanon,6
#CrimesAgainstChildren,#qanon,2
#TrustThePlan,#WWG1WGA_WORLDWIDE,5
#CCPVirus,#chinavirus,5
#CrimesAgainstHumanity,#DeepState,5
#QAnon2020,#WWG1WGA_WORLDWIDE,9
#Qanon,#WWG1WGA_WORLDWIDE,22
#QArmy,#WWG1WGA_WORLDWIDE,22
#TheStormIsUponUs,#wwg1wga,11
#Agenda2030,#BillGatesIsEvil,3
#DeepState,#WWG1WGAWORLDWIDE,11
#QAnon2020,#QanonArmy,25
#QAnon2020,#qanon,19
#QAnons,#QanonArmy,33
#QanonArmy,#qanon,9
#endthelockdownnow,#qanon,1
#CCPVirus,#Coronavirustruth,12
#CCP_is_terrorist,#Coronavirustruth,2
#CCP_is_terrorist,#ChinaVirus,13
#ChinaVirus,#Coronavirustruth,8
#FakePandemic,#WWG1WGA,3
#FakePandemic,#TheGreatAwakening,4
#Coronavirustruth,#DeepState,5
#DrainTheSwamp,#TheStormIsUponUs,8
#BillGatesIsEvil,#Coronavirustruth,3
#BillGatesVirus,#Coronavirustruth,6
#CrimesAgainstHumanity,#Genocide,5
#DrainTheSwamp,#QArmy,6
#BillGatesVirus,#PizzaGate,3
#BillGatesVirus,#QAnon,9
#BillGatesBioTerrorist,#BillGatesVirus,25
#BillGatesBioTerrorist,#QAnon,4
#COVIDIOTS,#endthelockdown,7
#BoycottChina,#VoterID,1
#GreatAwakening,#TheGreatAwakening,19
#5GCoronavirus,#BillGatesBioTerrorist,3
#5GCoronavirus,#Agenda21,5
#5GCoronavirus,#Agenda2030,1
#5GCoronavirus,#COVIDIOTS,3
#BillGatesBioTerrorist,#COVIDIOTS,1
#Agenda21,#COVIDIOTS,1
#Agenda2030,#COVIDIOTS,1
#Spygate,#Treason,6
#FakeNews,#Qanon,16
#FakeNews,#WWG1WGAWORLDWIDE,10
#FilmYourHospital,#Plandemic,26
#EmptyHospitals,#Plandemic,9
#ChinaIsAsshoe,#ChineseVirus,13
#FakeNewsMedia,#FireFauci,2
#FakeNewsMedia,#FakePandemic,7
#FakePandemic,#FireFauci,5
#BillGatesVirus,#WWG1WGA,17
#BillGatesVirus,#Qanon,5
#DrainTheSwamp,#Treason,3
#FireFauci,#endthelockdownnow,2
#BillGatesVirus,#PIZZAGATEISREAL,1
#CCPVirus,#Chinamustfall,2
#ChinaLiedAndPeopleDied,#boycott_china_mncs,1
#GreatAwakeningWorldwide,#qanon,5
#DeepStateExposed,#Spygate,2
#QArmy,#Spygate,2
#DeepStateExposed,#QArmy,6
#TheStormIsHere,#pizzagate,3
#TheStormIsHere,#TrustThePlan,10
#TheStormIsHere,#q,1
#TrustThePlan,#pizzagate,2
#QAnon,#q,21
#TrustThePlan,#q,3
#DeepStateExposed,#PIZZAGATEISREAL,1
#CrimesAgainstChildren,#DeepState,3
#DeepState,#TheStormIsHere,11
#CrimesAgainstChildren,#TheStormIsHere,3
#FakeNews,#FakePandemic,18
#PizzaGate,#QAnons,11
#GreatAwakening,#PizzaGate,9
#FakeNews,#TheStormIsHere,1
#FakeNews,#QArmy,10
#FakeNews,#QAnons,7
#QAnons,#TheStormIsHere,15
#QAnons,#Qanon,18
#DEEPSTATETAKEDOWN,#qanon,4
#DEEPSTATETAKEDOWN,#q,1
#Qanons,#TheGreatAwakening,24
#TheStormIsUponUs,#WWG1WGAWORLDWIDE,16
#Coronavirustruth,#endthelockdown,2
#QArmy,#QanonArmy,27
#VoterID,#qanon,2
#QANON,#q,4
#Qanon,#SavetheChildren,6
#BillGatesIsEvil,#ChinaLiedPeopleDied,2
#BillGatesIsEvil,#ChineseVirus,1
#ChinaMustPay,#chinavirus,2
#CNNFakeNews,#FakeNewsCNN,1
#ChinaLiedAndPeopleDied,#ChinaLiedPeopleDied,18
#FireFauci,#TheGreatAwakening,9
#QAnon2018,#Treason,1
#QAnon2020,#Treason,1
#FilmYourHospital,#TheGreatAwakening,5
#FilmYourHospital,#QAnons,3
#FakeNews,#TheGreatAwakening,28
#Pedogate,#TheStormIsHere,4
#SaveTheChildren,#WWG1WGA_WORLDWIDE,4
#ChinaVirus,#Q,3
#ChinaVirus,#Qanon,2
#ChinaVirus,#TrustThePlan,1
#BillGatesIsNotOurFriend,#Coronavirustruth,2
#DarkToLight,#QANON,5
#FakeNews,#FireFauci,14
#FireFauci,#TrustThePlan,2
#TheStormIsUponUs,#qanon,15
#Qanon,#thegreatawakening,7
#TheGreatAwakening,#WWG1WGA_WORLDWIDE,37
#DeepStateExposed,#QAnons,2
#DeepState,#WWG1WGA_WORLDWIDE,5
#DeepStateExposed,#WWG1WGA_WORLDWIDE,4
#FireFauci,#plandemic,1
#DeepStateExposed,#GreatAwakening,6
#Coronavirustruth,#fakenews,1
#ChinaVirus,#ChineseVirusCensorship,6
#GreatAwakeningWorldwide,#Plandemic,1
#Plandemic,#qanon,1
#FakeNewsAlert,#FakeNewsMedia,16
#FakeNewsAlert,#fakenews,3
#FakeNewsMedia,#fakenews,5
#Plandemic,#Treason,2
#QanonArmy,#TheGreatAwakening,18
#DeepStateExposed,#Qanon,7
#ChinaVirus,#CrimesAgainstHumanity,2
#ChinaIsAsshoe,#ChinaLiedAndPeopleDied,12
#Q,#q,2
#GreatAwakening,#TrustThePlan,12
#CrimesAgainstHumanity,#FireFauci,7
#TheStormIsUponUs,#VoterIDNow,1
#TheGreatAwakening,#VoterIDNow,1
#FakeNewsMedia,#Treason,2
#ChinaVirus,#LockdownEnd,1
#DeepState,#PizzaGate,10
#DarkToLight,#TheStormIsUponUs,24
#DeepState,#TheStormIsUponUs,5
#DEEPSTATETAKEDOWN,#FauciFraud,4
#DEEPSTATETAKEDOWN,#FireFauci,4
#DEEPSTATETAKEDOWN,#Qanon,5
#Coronavirustruth,#FakeNews,6
#Coronavirustruth,#FilmYourHospital,5
#GreatAwakening,#qanon,17
#DarkToLight,#DrainTheSwamp,12
#QAnon2020,#TrustThePlan,10
#QAnon2020,#TheStormIsUponUs,8
#FilmYourHospital,#conspiracy,1
#CoronaHoax,#conspiracy,1
#Spygate,#WWG1WGA_WORLDWIDE,1
#Spygate,#TheGreatAwakeningWorldwide,1
#Treason,#WWG1WGA_WORLDWIDE,1
#TheGreatAwakeningWorldwide,#Treason,1
#CoronaHoax,#CoronaVirusHOAX,14
#DarkToLight,#q,1
#GreatAwakening,#QAnon2020,10
#CoronaHoax,#QAnon,5
#CoronaHoax,#WWG1WGA,4
#FakeNews,#Fraud,3
#QAnon,#savethechildren,12
#QArmy,#savethechildren,3
#WWG1WGAWORLDWIDE,#savethechildren,3
#CrimesAgainstHumanity,#FauciFraud,1
#5GCoronavirus,#conspiracy,4
#CrimesAgainstHumanity,#Treason,5
#Q,#QAnon2020,27
#TheStormIsUponUs,#Treason,2
#COVIDIOT,#ChinaVirus,3
#TheGreatAwakeningWorldwide,#TrustThePlan,5
#BillGatesVirus,#CrimesAgainstChildren,1
#Q,#VoterFraud,1
#Q,#VoterID,3
#WWG1WGA,#pizzagate,18
#TheGreatAwakening,#pizzagate,4
#FilmYourHospital,#FireFauci,11
#DeepState,#qanon,7
#BillGatesVirus,#ChineseVirus,2
#CrimesAgainstChildren,#WWG1WGAWORLDWIDE,3
#Qanon,#TheGreatAwakeningWorldwide,43
#BillGatesIsEvil,#FireFauci,9
#BoycottChina,#ChineseBioterrorism,14
#5GCoronavirus,#BillGatesIsEvil,3
#Agenda21,#BillGatesIsEvil,5
#BillGatesVirus,#FauciFraud,3
#ChineseBioterrorism,#ChineseVirus,39
#Qanon,#qanon,3
#ChineseVirus,#Coronavirustruth,5
#FakeNewsMedia,#GreatAwakeningWorldwide,2
#QAnon,#QanonArmy,30
#QanonArmy,#TheGreatAwakeningWorldwide,8
#DeepStateExposed,#TheStormIsUponUs,1
#COVIDIOTS,#ChineseVirus,4
#COVIDIOTS,#ChineseBioterrorism,2
#SaveTheChildren,#TheStormIsUponUs,16
#QAnon2020,#Qanons,8
#DEEPSTATETAKEDOWN,#QAnon2020,2
#QanonArmy,#Qanons,4
#DEEPSTATETAKEDOWN,#QanonArmy,3
#DEEPSTATETAKEDOWN,#QArmy,2
#DEEPSTATETAKEDOWN,#Qanons,2
#deepstate,#qanon,8
#WWG1WGA,#deepstate,11
#TheStormIsHere,#deepstate,2
#DarkToLight,#deepstate,1
#DEEPSTATETAKEDOWN,#SaveTheChildren,3
#CCPvirus,#ChinaIsAsshoe,2
#CoronaHoax,#FakeNewsMedia,3
#GreatAwakeningWorldwide,#SaveTheChildren,6
#FakeNewsMedia,#WWG1WGAWORLDWIDE,4
#5GCoronavirus,#CoronaHoax,4
#ChineseCoronaVirus,#ChineseVirus,8
#deepstate,#fakenews,2
#CCPLiedPeopleDied,#ChinaIsAsshoe,5
#ChinaIsAsshoe,#FakeNewsMedia,1
#Pedogate,#Q,7
#Pedogate,#QAnons,7
#Pedogate,#TheGreatAwakeningWorldwide,1
#PizzaGate,#Q,8
#DrainTheSwamp,#QANON,1
#BoycottChina,#CCP_is_terrorist,11
#DeepState,#TheGreatAwakeningWorldwide,5
#FakeNews,#TheGreatAwakeningWorldwide,6
#DrainTheSwamp,#TheGreatAwakeningWorldwide,4
#BillGatesVirus,#TheGreatAwakening,5
#DrainTheSwamp,#FakeNewsMedia,2
#PIZZAGATEISREAL,#Qanon,3
#QAnon,#fakenews,9
#BillGatesIsEvil,#FauciFraud,4
#ChinaLiedPeopleDied,#ChineseVirusCensorship,12
#BillGatesVirus,#FireFauci,6
#BillGatesBioTerrorist,#CrimesAgainstChildren,1
#Agenda21,#CrimesAgainstChildren,1
#Agenda2030,#CrimesAgainstChildren,1
#Coronavirustruth,#CrimesAgainstChildren,2
#BillGatesBioTerrorist,#CrimesAgainstHumanity,4
#Agenda2030,#CrimesAgainstHumanity,1
#Coronavirustruth,#CrimesAgainstHumanity,2
#BillGatesBioTerrorist,#Coronavirustruth,2
#Agenda21,#Coronavirustruth,1
#Agenda2030,#Coronavirustruth,1
#ChinaLiedAndPeopleDied,#ChineseVirusCensorship,2
#ChinaMustExplain,#ChineseVirusCensorship,3
#ChineseVirus,#ChineseVirusCensorship,6
#ChineseBioterrorism,#ChineseVirusCensorship,3
#GreatAwakeningWorldwide,#QAnon2020,1
#BigPharma,#BillGatesIsNotOurFriend,3
#ChinaMustExplain,#ChinaMustPay,44
#FakePandemic,#QAnon,3
#SpyGate,#TheStormIsHere,3
#Plandemic,#SaveTheChildren,3
#Coronavirustruth,#Plandemic,4
#ChinaVirus,#genocide,1
#DeepState,#fakenews,2
#QanonArmy,#q,6
#PIZZAGATEISREAL,#Q,3
#DrainTheSwamp,#QAnons,4
#PIZZAGATEISREAL,#QAnons,4
#DrainTheSwamp,#PIZZAGATEISREAL,4
#DarkToLight,#PIZZAGATEISREAL,5
#SaveTheChildren,#qanon,17
#BillGatesIsNotOurFriend,#CrimesAgainstHumanity,1
#BillGatesIsNotOurFriend,#FireFauci,3
#ChinaLiedPeopleDie,#ChineseVirus19,17
#ChineseVirus,#chinavirus,3
#CrimesAgainstHumanity,#Plandemic,2
#QAnon,#conspiracy,2
#QAnons,#conspiracy,1
#WWG1WGA,#conspiracy,2
#FilmYourHospital,#SaveTheChildren,3
#CNNFakeNews,#fakenews,3
#FAKENEWS,#FakeNewsMedia,1
#CNNFakeNews,#FakeNews,7
#FilmYourHospital,#endthelockdown,7
#ChineseCoronaVirus,#QAnon,3
#ChineseCoronaVirus,#QAnon2018,3
#ChineseCoronaVirus,#QAnon2020,3
#FakeNewsMedia,#QAnon,13
#SavetheChildren,#wwg1wga,3
#Coronavirustruth,#EmptyHospitals,1
#BillGatesIsEvil,#Plandemic,8
#BillGatesBioTerrorist,#Plandemic,2
#COVIDIDIOT,#ChineseVirus,1
#Qanon,#VoterID,3
#ChinaMustExplain,#FakeNews,2
#ChinaMustExplain,#endthelockdownnow,1
#FakeNews,#endthelockdownnow,2
#CCPvirus,#ChinaLiedPeopleDied,6
#DrainTheSwamp,#FauciFraud,1
#FauciFraud,#QAnon,4
#PizzaGate,#TheGreatAwakeningWorldwide,10
#PIZZAGATEISREAL,#TheGreatAwakeningWorldwide,5
#PIZZAGATEISREAL,#TheGreatAwakening,7
#QArmy,#pizzagate,1
#Qanons,#pizzagate,1
#COVIDIOT,#WWG1WGAWORLDWIDE,1
#ChinaVirus,#WWG1WGAWORLDWIDE,2
#CrimesAgainstChildren,#QArmy,1
#GreatAwakeningWorldwide,#QArmy,11
#DEEPSTATETAKEDOWN,#DeepStateExposed,8
#GreatAwakeningWorldwide,#Pedogate,1
#FakeNews,#deepstate,1
#GreatAwakening,#wwg1wga,8
#PizzaGate,#wwg1wga,5
#ChinaMustPay,#FakeNewsMedia,2
#FakeNewsAlert,#WWG1WGA,1
#FakeNewsAlert,#GreatAwakening,1
#COVIDIOTS,#ChinaVirus,6
#FireFauci,#WWG1WGAWORLDWIDE,1
#Plandemic,#deepstate,2
#Q,#Qanons,23
#CoronaHoax,#Q,2
#CoronaHoax,#Qanon,3
#Qanons,#Qarmy,15
#CoronaHoax,#Qanons,2
#CoronaHoax,#Qarmy,1
#Fakenews,#QAnon,2
#ChinaLiedAndPeopleDied,#Chinamustfall,3
#Chinamustfall,#ChineseVirus19,2
#CoronaHoax,#plandemic,5
#CoronaHoax,#FakePandemic,13
#FakePandemic,#plandemic,2
#Coronavirustruth,#plandemic,2
#Coronavirustruth,#FakePandemic,2
#BigPharma,#TheGreatAwakening,3
#TheGreatAwakeningWorldwide,#q,5
#FakeNews,#savethechildren,1
#Agenda21,#CoronaHoax,3
#COVIDIOTS,#LockdownEnd,1
#CoronaHoax,#VoterFraud,1
#CCP_is_terrorist,#ChinaLiedAndPeopleDied,6
#BillGatesVirus,#QAnons,4
#Pedogate,#QanonArmy,2
#PizzaGate,#QanonArmy,5
#BillGatesVirus,#QanonArmy,2
#BillGatesVirus,#Pedogate,1
#FireFauci,#QAnon2020,1
#FakeNews,#TrustThePlan,4
#FAKENEWS,#QANON,3
#FAKENEWS,#WWG1WGA,7
#BoycottChina,#ChinaIsAsshoe,5
#FireFauci,#qanon,2
#TheGreatAwakeningWorldwide,#wwg1wga,1
#SaveTheChildren,#wwg1wga,4
#FireFauci,#wwg1wga,1
#TheGreatAwakeningWorldwide,#thegreatawakening,2
#SaveTheChildren,#thegreatawakening,3
#FireFauci,#thegreatawakening,1
#FireFauci,#TheGreatAwakeningWorldwide,1
#FireFauci,#SaveTheChildren,4
#QArmy,#wwg1wga,9
#Qanons,#TheGreatAwakeningWorldwide,11
#COVIDIOTS,#WWG1WGA,4
#COVIDIDIOT,#COVIDIOT,4
#QANON,#SaveTheChildren,7
#Coronavirustruth,#qanon,1
#Coronavirustruth,#GreatAwakeningWorldwide,1
#VoterFraud,#WWG1WGA,5
#FireFauci,#firefauci,3
#ChinaIsAsshoe,#QAnon,1
#GreatAwakening,#Plandemic,12
#FakeNewsCNN,#fakenews,1
#FakeNewsMedia,#TheGreatAwakening,5
#FakeNewsMedia,#QArmy,5
#QAnon,#VoterID,5
#QAnon2018,#VoterID,1
#QAnon2020,#VoterID,1
#Agenda21,#FakeNews,2
#COVIDIOTS,#ChinaLiedPeopleDied,3
#BillGatesIsEvil,#CoronaVirusHOAX,1
#ChinaLiedAndPeopleDied,#WWG1WGA,2
#ChineseVirus,#Q,1
#ChinaLiedAndPeopleDied,#Q,1
#ChinaLiedAndPeopleDied,#Qanon,2
#CCPLiedPeopleDied,#chinazi,3
#DEEPSTATETAKEDOWN,#DeepState,12
#DeepState,#GreatAwakeningWorldwide,2
#Agenda21,#DeepState,8
#DEEPSTATETAKEDOWN,#DarkToLight,6
#DEEPSTATETAKEDOWN,#GreatAwakeningWorldwide,3
#Agenda21,#DEEPSTATETAKEDOWN,2
#Agenda21,#GreatAwakeningWorldwide,1
#COVIDIOT,#covidiots,3
#QAnons,#q,9
#QArmy,#thegreatawakening,4
#TheStormIsHere,#TheStormIsUponUs,9
#TheStormIsUponUs,#WWG1WGA_WORLDWIDE,12
#ChinaMustPay,#FakeNews,4
#ChinaMustExplain,#Chinamustfall,7
#Chinamustfall,#ChineseBioterrorism,3
#Chinamustfall,#ChineseVirus,4
#ChinaLiedPeopleDied,#fakenews,2
#FireFauci,#WWG1WGA_WORLDWIDE,1
#Plandemic,#WWG1WGA_WORLDWIDE,1
#FireFauci,#QANON,3
#Plandemic,#QANON,3
#GreatAwakeningWorldwide,#TheGreatAwakening,3
#GreatAwakeningWorldwide,#QAnons,7
#pizzagate,#savethechildren,7
#ChinaLiedPeopleDied,#DrainTheSwamp,2
#DrainTheSwamp,#SaveTheChildren,10
#BillGatesBioTerrorist,#WWG1WGA,6
#VoterID,#wwg1wga,1
#VoterFraud,#qanon,1
#VoterFraud,#wwg1wga,1
#CoronaVirusHOAX,#conspiracy,1
#WWG1WGA_WORLDWIDE,#qanon,9
#WWG1WGA_WORLDWIDE,#q,2
#QAnons,#thegreatawakening,1
#SignsYoureACOVIDIOT,#covidiots,1
#pizzagate,#wwg1wga,7
#pizzagate,#thegreatawakening,8
#COVIDIOTS,#CoronaHoax,7
#DarkToLight,#SavetheChildren,6
#SavetheChildren,#TheGreatAwakening,6
#ChinaLiedPeopleDied,#WWG1WGA,5
#DeepStateExposed,#PizzaGate,5
#Agenda21,#Q,1
#TheGreatAwakening,#q,9
#ChinaLiedPeopleDied,#ChineseCoronaVirus,7
#CCP_is_terrorist,#Chinamustfall,1
#BigPharma,#Coronavirustruth,2
#BigPharma,#WWG1WGA,9
#Coronavirustruth,#FakeCases,2
#CCPVirus,#QAnons,2
#CCPVirus,#GreatAwakening,1
#BillGatesBioTerrorist,#firefauci,1
#FAKENEWS,#TheGreatAwakening,1
#CoronaVirusHOAX,#plandemic,3
#FireFauci,#QArmy,4
#BillGatesIsEvil,#TheStormIsUponUs,3
#QanonArmy,#TheStormIsUponUs,4
#BillGatesIsEvil,#qanon,2
#BillGatesIsEvil,#QanonArmy,2
#Pedogate,#Qanon,7
#FakeNewsMedia,#WWG1WGA_WORLDWIDE,1
#FakeNews,#Spygate,2
#DarkToLight,#savethechildren,4
#COVIDIDIOTS,#FilmYourHospital,1
#ChinaLiedPeopleDie,#ChineseCoronaVirus,3
#Q,#SavetheChildren,8
#Q,#pizzagate,9
#SavetheChildren,#pizzagate,5
#DeepState,#pizzagate,1
#GreatAwakening,#pizzagate,4
#CCPVirus,#WWG1WGA,7
#ChinaLiedPeopleDied,#CrimesAgainstHumanity,1
#QAnon2020,#q,7
#Qanon,#q,5
#GreatAwakening,#q,6
#BillGatesBioTerrorist,#genocide,1
#CCPvirus,#MakeChinaPay,6
#ChinaLiedPeopleDied,#conspiracy,1
#Agenda2030,#Qanon,2
#Agenda2030,#Qarmy,1
#Agenda21,#WWG1WGAWORLDWIDE,1
#Agenda2030,#WWG1WGAWORLDWIDE,1
#CrimesAgainstChildren,#SavetheChildren,2
#DrainTheSwamp,#deepstate,2
#DeepStateExposed,#DrainTheSwamp,5
#DEEPSTATETAKEDOWN,#DrainTheSwamp,4
#DeepStateExposed,#deepstate,2
#DEEPSTATETAKEDOWN,#deepstate,2
#QAnon,#chinavirus,2
#QANON,#QAnons,1
#conspiracy,#pizzagate,1
#DEEPSTATETAKEDOWN,#QANON,2
#DEEPSTATETAKEDOWN,#Q,2
#FakeNewsMedia,#Plandemic,5
#BigPharma,#Qanon,3
#BigPharma,#Qanons,1
#GreatAwakeningWorldwide,#TheStormIsHere,4
#BigPharma,#QArmy,1
#ChinaVirus,#FakeNewsCNN,2
#5GCoronavirus,#COVIDIDIOTS,1
#CCP_is_terrorist,#ChinaIsAsshoe,8
#CCP_is_terrorist,#CCPvirus,1
#ChinaVirus,#firefauci,1
#BoycottChina,#COVIDIOTS,2
#ChineseBioterrorism,#Coronavirustruth,2
#GreatAwakening,#savethechildren,2
#PIZZAGATEISREAL,#savethechildren,1
#Pedogate,#savethechildren,2
#PizzaGate,#savethechildren,2
#GreatAwakening,#PIZZAGATEISREAL,4
#GreatAwakening,#Pedogate,5
#DrainTheSwamp,#QAnon2020,4
#COVIDIOTS,#DrainTheSwamp,1
#BoycottChina,#FakeNewsMedia,1
#BoycottChina,#FakeNewsCNN,1
#DeepState,#TrustThePlan,7
#ChinaLiedPeopleDied,#Plandemic,3
#TheStormIsUponUs,#pizzagate,1
#TheStormIsUponUs,#deepstate,1
#SaveTheChildren,#pizzagate,7
#SaveTheChildren,#deepstate,3
#QAnons,#pizzagate,4
#QAnons,#deepstate,1
#QAnon2020,#wwg1wga,9
#DEEPSTATETAKEDOWN,#WWG1WGAWORLDWIDE,4
#CoronaVirusHOAX,#FakePandemic,7
#ChinaLiedPeopleDied,#Coronavirustruth,4
#DeepState,#Genocide,1
#ChinaMustExplain,#Coronavirustruth,1
#FakeNews,#FakeNewsCNN,15
#FakeNews,#Qanons,4
#GreatAwakeningWorldwide,#Q,4
#QAnons,#VoterID,2
#QArmy,#VoterID,2
#VoterID,#WWG1WGAWORLDWIDE,3
#GreatAwakeningWorldwide,#VoterID,2
#BigPharma,#GreatAwakening,2
#BigPharma,#FireFauci,7
#FireFauci,#GreatAwakening,3
#DrainTheSwamp,#wwg1wga,7
#FauciFraud,#WWG1WGA_WORLDWIDE,1
#COVIDIDIOTS,#COVIDIOTS,2
#5GCoronavirus,#FireFauci,1
#5GCoronavirus,#BillGatesVirus,4
#Treason,#VoterID,2
#ChinaVirus,#FireFauci,6
#GreatAwakening,#thegreatawakening,3
#BillGatesIsEvil,#QAnon,7
#DeepStateExposed,#FakeNewsMedia,1
#FireFauci,#Fraud,3
#PizzaGate,#TheStormIsHere,7
#ChinaVirus,#fakenews,2
#CrimesAgainstChildren,#FakeNews,1
#FakeCases,#FakeNews,2
#DeepStateExposed,#TheGreatAwakeningWorldwide,2
#Qanons,#SaveTheChildren,8
#DarkToLight,#Qanons,4
#Agenda21,#Plandemic,3
#CCP_is_terrorist,#MakeChinaPay,12
#ChinaLiedPeopleDied,#GreatAwakening,1
#BillGatesIsNotOurFriend,#GreatAwakening,1
#BillGatesVirus,#CoronaHoax,2
#BillGatesVirus,#WWG1WGAWORLDWIDE,4
#ChineseVirus19,#FakeNews,5
#ChinaLiedPeopleDied,#FakeNewsMedia,3
#ChinaLiedAndPeopleDied,#ChineseCoronaVirus,2
#FakeNews,#fraud,1
#Coronavirustruth,#FireFauci,3
#DrainTheSwamp,#Fraud,2
#Fraud,#PIZZAGATEISREAL,1
#ChineseVirus,#wwg1wga,1
#DarkToLight,#Treason,3
#Spygate,#TheStormIsUponUs,1
#DarkToLight,#Spygate,1
#ChinaVirus,#FakeNewsMedia,11
#PizzaGate,#Qanons,2
#PizzaGate,#TheStormIsUponUs,6
#Qanons,#TheStormIsUponUs,4
#TheGreatAwakeningWorldwide,#TheStormIsUponUs,11
#Qarmy,#TheStormIsHere,8
#COVIDIOT,#Q,1
#COVIDIOT,#QAnons,1
#COVIDIOT,#WWG1WGA,5
#COVIDIOT,#FlatEarth,1
#COVIDIDIOT,#FlatEarth,1
#Plandemic,#QArmy,2
#5GCoronavirus,#FakePandemic,1
#ChineseVirus19,#MakeChinaPay,5
#FakePandemic,#Plandemic,7
#COVIDIDIOT,#COVIDIDIOTS,3
#QAnon,#VoterFraud,4
#TheStormIsHere,#VoterFraud,2
#ChineseVirus,#fakenews,1
#ChinaLiedAndPeopleDied,#chinazi,2
#QAnon2020,#SaveTheChildren,10
#DrainTheSwamp,#WWG1WGAWORLDWIDE,3
#PIZZAGATEISREAL,#QAnon2020,3
#PIZZAGATEISREAL,#wwg1wga,5
#CoronaHoax,#wwg1wga,2
#COVIDIOTS,#ChinaMustPay,1
#5GCoronavirus,#ChinaVirus,1
#5GCoronavirus,#ChineseVirus,1
#Chinamustfall,#DeepState,1
#ChinaLiedPeopleDied,#DeepState,1
#COVIDIOTS,#CoronaVirusHOAX,3
#MakeChinaPay,#chinazi,5
#DEEPSTATETAKEDOWN,#savethechildren,2
#COVIDIOTS,#plandemic,2
#Q,#genocide,1
#Qanon,#genocide,1
#WWG1WGA,#genocide,1
#QArmy,#q,10
#SaveTheChildren,#q,6
#QAnon,#Qarmy,7
#Qarmy,#thegreatawakening,5
#QANON,#QanonArmy,1
#deepstate,#plandemic,2
#BillGatesIsNotOurFriend,#firefauci,1
#BillGatesVirus,#firefauci,1
#GreatAwakening,#Qanons,6
#COVIDIDIOT,#SignsYoureACOVIDIOT,1
#CoronaHoax,#endthelockdown,4
#BillGatesVirus,#FakeNewsMedia,2
#FakeNewsMedia,#endthelockdown,2
#BillGatesVirus,#FakePandemic,2
#BillGatesVirus,#endthelockdown,2
#DrainTheSwamp,#Pedogate,5
#DrainTheSwamp,#Spygate,4
#Q,#Spygate,2
#COVIDIDIOT,#Coronavirustruth,4
#SpyGate,#WWG1WGA,9
#CoronaVirusHOAX,#SaveTheChildren,1
#QAnon,#qanon,4
#CoronaHoax,#DarkToLight,2
#ChinaMustExplain,#chinavirus,1
#FakeNews,#FauciFraud,2
#CrimesAgainstHumanity,#GreatAwakeningWorldwide,1
#CrimesAgainstChildren,#GreatAwakeningWorldwide,1
#GreatAwakeningWorldwide,#Treason,1
#COVIDIOT,#Plandemic,2
#COVIDIOTS,#Plandemic,3
#5GCoronavirus,#TheGreatAwakening,2
#ChinaLiedAndPeopleDied,#FakeNewsMedia,2
#CoronaVirusHOAX,#covidiots,1
#ChinaVirus,#endthelockdown,1
#ChineseVirus,#DEEPSTATETAKEDOWN,1
#ChineseVirus,#DeepState,2
#FireFauci,#deepstate,1
#ChineseCoronaVirus,#endthelockdown,1
#CrimesAgainstChildren,#GreatAwakening,2
#DarkToLight,#FakeNews,6
#ChineseBioterrorism,#FakeNews,1
#FakeNews,#PizzaGate,3
#EmptyHospitals,#QAnon,5
#CNNFakeNews,#FakeNewsMedia,3
#BillGatesVirus,#ChinaVirus,3
#TheGreatAwakening,#VoterID,2
#GreatAwakeningWorldwide,#Qanon,8
#FAKENEWS,#FakeNews,3
#ChinaLiedAndPeopleDied,#FakeNews,5
#DrainTheSwamp,#GreatAwakeningWorldwide,2
#BillGatesIsNotOurFriend,#DeepState,2
#BillGatesIsNotOurFriend,#QAnons,1
#Fraud,#Plandemic,2
#Fakenews,#GreatAwakening,1
#CCP_is_terrorist,#ChineseVirus19,2
#QANON,#Qarmy,1
#CNNFakeNews,#qanon,1
#CNNFakeNews,#WWG1WGA,3
#CNNFakeNews,#WWG1WGAWORLDWIDE,2
#BillGatesIsEvil,#QAnons,1
#BillGatesVirus,#FakeNews,3
#BillGatesIsEvil,#FakeNews,2
#ChineseVirus,#Treason,1
#Plandemic,#VoterID,9
#Plandemic,#VoterFraud,9
#BillGatesIsNotOurFriend,#Qanon,4
#BillGatesIsNotOurFriend,#DEEPSTATETAKEDOWN,1
#CrimesAgainstHumanity,#SaveTheChildren,2
#CrimesAgainstHumanity,#savethechildren,2
#Qarmy,#qanon,3
#QAnon2020,#SavetheChildren,2
#5GCoronavirus,#ChinaLiedPeopleDied,1
#BillGatesBioTerrorist,#ChinaLiedPeopleDied,1
#EmptyHospitals,#qanon,1
#FilmYourHospital,#qanon,2
#EmptyHospitals,#WWG1WGA,3
#EmptyHospitals,#QArmy,1
#FilmYourHospital,#QArmy,2
#ChinaLiedPeopleDied,#genocide,1
#ChineseBioterrorism,#genocide,1
#BigPharma,#DarkToLight,1
#DrainTheSwamp,#Qanons,2
#BoycottChina,#Fraud,1
#ChinaVirus,#CoronaHoax,3
#DEEPSTATETAKEDOWN,#PizzaGate,2
#FakeNews,#QanonArmy,4
#FakePandemic,#FauciFraud,3
#TheGreatAwakening,#deepstate,2
#FakeNewsAlert,#FakeNewsCNN,5
#DeepStateExposed,#Plandemic,2
#FAKENEWS,#endthelockdown,1
#QAnon,#deepstate,1
#WWG1WGAWORLDWIDE,#deepstate,3
#CCPLiedPeopleDied,#ChinaLiedAndPeopleDied,5
#CrimesAgainstHumanity,#fakenews,1
#ChinaLiedPeopleDied,#VoterFraud,1
#firefauci,#plandemic,1
#ChinaVirus,#FAKENEWS,4
#FAKENEWS,#FlatEarth,1
#DarkToLight,#Pedogate,4
#FakeNews,#genocide,2
#BillGatesIsEvil,#Q,3
#BillGatesIsEvil,#WWG1WGAWORLDWIDE,6
#ChinaVirus,#Treason,2
#Plandemic,#QAnons,2
#COVIDIOT,#ChineseCoronaVirus,1
#QAnons,#Qarmy,2
#ChinaLiedPeopleDied,#FauciFraud,2
#Qanon,#SpyGate,2
#SpyGate,#TheGreatAwakening,3
#DrainTheSwamp,#Qarmy,2
#DeepState,#Qarmy,2
#Qarmy,#SpyGate,2
#PizzaGate,#Qarmy,2
#Q,#SpyGate,4
#DrainTheSwamp,#TheStormIsHere,8
#DeepState,#SpyGate,4
#PizzaGate,#SpyGate,2
#DarkToLight,#SpyGate,2
#FireFauci,#VoterIDNow,1
#VoterIDNow,#WWG1WGA,1
#QanonArmy,#SaveTheChildren,4
#QanonArmy,#WWG1WGA_WORLDWIDE,3
#WWG1WGAWORLDWIDE,#pizzagate,3
#DrainTheSwamp,#pizzagate,4
#FilmYourHospital,#endthelockdownnow,2
#QANON,#TheStormIsUponUs,2
#ChinaVirus,#QAnons,1
#Qanon,#Treason,3
#deepstate,#wwg1wga,1
#QANON,#TrustThePlan,3
#BillGatesVirus,#WWG1WGA_WORLDWIDE,2
#BillGatesIsNotOurFriend,#Plandemic,2
#fakenews,#wwg1wga,4
#COVIDIOTS,#FakeNewsCNN,1
#FakeNews,#VoterFraud,3
#DeepStateExposed,#QANON,1
#DeepStateExposed,#Pedogate,1
#DEEPSTATETAKEDOWN,#Pedogate,1
#Pedogate,#QANON,1
#DEEPSTATETAKEDOWN,#FakeNewsMedia,3
#DarkToLight,#FakeNewsMedia,4
#TheGreatAwakening,#thegreatawakening,4
#ChineseVirus,#GreatAwakening,2
#ChinaIsAsshoe,#GreatAwakening,1
#CNNFakeNews,#ChineseVirus,1
#5GCoronavirus,#WWG1WGA,2
#BillGatesIsNotOurFriend,#WWG1WGA,6
#BillGatesIsEvil,#TheGreatAwakening,5
#Qanons,#WWG1WGA_WORLDWIDE,5
#COVIDIOTS,#covidiots,1
#FireFauci,#VoterID,2
#DarkToLight,#QanonArmy,2
#ChinaVirus,#PizzaGate,1
#DeepState,#Qanons,2
#DeepStateExposed,#Qanons,2
#ChinaLiedPeopleDie,#Coronavirustruth,2
#ChinaMustPay,#Coronavirustruth,1
#FakeNews,#Pedogate,2
#COVIDIOTS,#qanon,2
#FakeNewsMedia,#Qanon,3
#DarkToLight,#DeepStateExposed,5
#CoronaHoax,#fraud,1
#Plandemic,#fraud,1
#5GCoronavirus,#BillGatesIsNotOurFriend,2
#ChinaMustPay,#WWG1WGA,1
#ChinaLiedPeopleDie,#ChineseVirusCensorship,3
#ChinaMustPay,#FireFauci,2
#ChinaLiedPeopleDied,#FireFauci,3
#BillGatesIsEvil,#QAnon2020,1
#BillGatesIsEvil,#QArmy,2
#COVIDIDIOTS,#COVIDIOT,4
#COVIDIOT,#FakeNewsMedia,1
#Agenda2030,#deepstate,1
#Agenda2030,#WWG1WGA,3
#CNNFakeNews,#DarkToLight,1
#CNNFakeNews,#QArmy,1
#CNNFakeNews,#Q,1
#DeepStateExposed,#SaveTheChildren,4
#Plandemic,#firefauci,2
#QANON,#firefauci,1
#WWG1WGA,#firefauci,2
#BillGatesIsEvil,#DeepStateExposed,2
#DeepStateExposed,#FireFauci,2
#CNNFakeNews,#FakeNewsAlert,1
#CrimesAgainstChildren,#q,1
#TheStormIsUponUs,#q,2
#TheGreatAwakening,#VoterFraud,2
#FakeNewsAlert,#FakePandemic,2
#CrimesAgainstHumanity,#genocide,2
#QAnon2020,#savethechildren,2
#ChinaLiedPeopleDied,#CoronaHoax,1
#PIZZAGATEISREAL,#TheStormIsHere,1
#PIZZAGATEISREAL,#TheStormIsUponUs,1
#Agenda2030,#FauciFraud,1
#COVIDIOT,#DeepState,1
#ChinaLiedAndPeopleDied,#DeepState,2
#BillGatesVirus,#DeepState,3
#COVIDIOT,#ChinaLiedAndPeopleDied,1
#BillGatesVirus,#ChinaLiedAndPeopleDied,1
#FauciFraud,#endthelockdown,1
#Q,#deepstate,2
#BoycottChina,#CCPLiedPeopleDied,7
#TheStormIsUponUs,#thegreatawakening,2
#BillGatesVirus,#Q,5
#Coronavirustruth,#Q,2
#QANON,#QAnon,5
#QANON,#QAnon2020,4
#Q,#fakenews,1
#CCPvirus,#FireFauci,1
#DeepState,#VoterIDNow,2
#DeepState,#VoterID,1
#GreatAwakening,#TheStormIsUponUs,6
#FakeNewsAlert,#endthelockdown,1
#COVIDIDIOT,#endthelockdown,1
#COVIDIDIOT,#FakeNewsAlert,1
#GreatAwakening,#Treason,2
#ChinaLiedAndPeopleDied,#Plandemic,1
#DarkToLight,#Fakenews,1
#Fakenews,#QArmy,1
#Fakenews,#QAnons,1
#DeepState,#Plandemic,4
#5GCoronavirus,#FakeNews,2
#FakeCases,#Genocide,4
#FireFauci,#fakenews,1
#DarkToLight,#thegreatawakening,2
#EmptyHospitals,#LockdownEnd,1
#QANON,#pizzagate,1
#fakenews,#pizzagate,1
#BillGatesIsEvil,#PIZZAGATEISREAL,1
#BillGatesIsNotOurFriend,#PIZZAGATEISREAL,1
#EmptyHospitals,#FireFauci,2
#DeepStateExposed,#thegreatawakening,1
#DarkToLight,#pizzagate,3
#DeepStateExposed,#pizzagate,2
#DeepStateExposed,#savethechildren,1
#ChineseVirus19,#boycott_china_mncs,2
#BoycottChina,#boycott_china_mncs,5
#BillGatesBioTerrorist,#FireFauci,2
#BillGatesBioTerrorist,#CCPVirus,1
#Plandemic,#Qanon,2
#QANON,#deepstate,2
#deepstate,#thegreatawakening,3
#deepstate,#q,1
#Agenda21,#BigPharma,5
#DeepStateExposed,#Treason,2
#FakePandemic,#SaveTheChildren,1
#FakePandemic,#PizzaGate,1
#DEEPSTATETAKEDOWN,#WWG1WGA_WORLDWIDE,1
#CoronaVirusHOAX,#Plandemic,3
#Fraud,#QAnon,2
#WWG1WGA_WORLDWIDE,#pizzagate,1
#FakeNewsMedia,#QAnon2020,2
#FakeNewsMedia,#wwg1wga,2
#FakeNews,#QAnon2020,2
#ChinaMustExplain,#chinazi,6
#ChinaLiedAndPeopleDied,#chinavirus,1
#FakeNews,#SpyGate,2
#PIZZAGATEISREAL,#QanonArmy,1
#CCPVirus,#CrimesAgainstHumanity,1
#CrimesAgainstHumanity,#MakeChinaPay,1
#ChinaVirus,#FauciFraud,1
#FakeNewsMedia,#TheGreatAwakeningWorldwide,1
#BigPharma,#ChineseCoronaVirus,1
#CCPvirus,#ChinaVirus,1
#CoronaVirusHOAX,#FakeNewsMedia,1
#CrimesAgainstHumanity,#PIZZAGATEISREAL,1
#CrimesAgainstHumanity,#pizzagate,1
#CrimesAgainstChildren,#PIZZAGATEISREAL,1
#CrimesAgainstChildren,#pizzagate,2
#Agenda21,#FauciFraud,1
#BigPharma,#qanon,1
#BigPharma,#deepstate,3
#BigPharma,#TheStormIsHere,1
#ChinaVirus,#boycott_china_mncs,1
#FakeNewsMedia,#VoterIDNow,1
#FakeNewsMedia,#VoterFraud,2
#PizzaGate,#SavetheChildren,4
#PIZZAGATEISREAL,#SavetheChildren,2
#QAnon2020,#thegreatawakening,1
#WWG1WGA_WORLDWIDE,#savethechildren,2
#QAnons,#savethechildren,1
#GreatAwakeningWorldwide,#QanonArmy,2
#BoycottChina,#FireFauci,1
#CCPVirus,#CCPvirus,1
#5GCoronavirus,#QAnon,2
#5GCoronavirus,#QArmy,1
#Agenda21,#QArmy,2
#FakeNews,#Plandemic,8
#ChineseBioterrorism,#FAKENEWS,1
#BillGatesIsNotOurFriend,#Q,2
#DarkToLight,#fakenews,1
#FAKENEWS,#Qanon,2
#Qanons,#TrustThePlan,1
#FakeNews,#Fakenews,3
#ChinaLiedPeopleDied,#WWG1WGA_WORLDWIDE,2
#CCPVirus,#ChineseBioterrorism,7
#Coronavirustruth,#TheGreatAwakening,1
#CoronaHoax,#TheGreatAwakening,2
#CCP_is_terrorist,#FakeNews,2
#CCPLiedPeopleDied,#ChinaMustExplain,4
#QAnon2020,#TheStormIsHere,3
#DeepStateExposed,#Q,2
#COVIDIOT,#PizzaGate,1
#ChinaLiedPeopleDie,#chinazi,3
#FakeNews,#qanon,4
#TheStormIsUponUs,#savethechildren,2
#DeepState,#savethechildren,1
#COVIDIOT,#CoronaVirusHOAX,5
#Plandemic,#TheGreatAwakening,1
#FAKENEWS,#FakeNewsCNN,1
#DeepState,#FakePandemic,1
#Agenda2030,#CoronaHoax,4
#CoronaHoax,#DeepState,3
#Agenda2030,#DeepState,6
#DeepState,#FilmYourHospital,1
#ChinaMustPay,#GreatAwakeningWorldwide,1
#SavetheChildren,#WWG1WGAWORLDWIDE,2
#ChineseVirus,#plandemic,1
#CCPVirus,#Plandemic,1
#FireFauci,#Q,1
#DarkToLight,#FireFauci,1
#DarkToLight,#FakePandemic,1
#BigPharma,#FauciFraud,3
#GreatAwakening,#WWG1WGA_WORLDWIDE,3
#Genocide,#Plandemic,1
#CoronaVirusHOAX,#fakenews,2
#TheStormIsHere,#Treason,1
#CCPVirus,#FauciFraud,2
#ChinaIsAsshoe,#ChineseBioterrorism,3
#FakePandemic,#fraud,1
#ChinaVirus,#DrainTheSwamp,1
#ChinaMustPay,#DrainTheSwamp,1
#BillGatesIsEvil,#pizzagate,1
#ChineseVirus,#CoronaHoax,2
#ChineseVirus,#CoronaVirusHOAX,2
#Plandemic,#endthelockdown,3
#BillGatesVirus,#Plandemic,4
#BoycottChina,#CoronaHoax,2
#BoycottChina,#TheGreatAwakening,1
#BoycottChina,#Qanon,1
#COVIDIOT,#QanonArmy,1
#COVIDIOT,#QAnon,3
#COVIDIOTS,#FauciFraud,2
#FakeNewsMedia,#FauciFraud,1
#FakeNewsCNN,#deepstate,1
#ChineseBioterrorism,#chinazi,1
#Coronavirustruth,#FauciFraud,3
#GreatAwakeningWorldwide,#TheStormIsUponUs,1
#fakenews,#plandemic,1
#FilmYourHospital,#fakenews,2
#FakePandemic,#fakenews,1
#Agenda2030,#Plandemic,3
#Fraud,#GreatAwakening,1
#FakeNews,#FilmYourHospital,8
#BillGatesIsNotOurFriend,#FilmYourHospital,1
#BillGatesIsNotOurFriend,#FakeNews,1
#EmptyHospitals,#FakeNews,1
#FakeNews,#SignsYoureACOVIDIOT,1
#Qarmy,#TheStormIsUponUs,3
#FakeNews,#chinazi,1
#COVIDIDIOT,#ChinaLiedPeopleDied,1
#CrimesAgainstHumanity,#FakeNews,1
#FakeNews,#SaveTheChildren,2
#BillGatesIsEvil,#FilmYourHospital,1
#BigPharma,#Q,1
#ChinaVirus,#ChineseCoronaVirus,2
#FakeNews,#QANON,2
#Agenda2030,#QAnons,1
#CoronaVirusHOAX,#QanonArmy,1
#FauciFraud,#deepstate,1
#BillGatesVirus,#DrainTheSwamp,3
#CoronaVirusHOAX,#WWG1WGA,1
#CoronaVirusHOAX,#Qanon,1
#CoronaVirusHOAX,#TrustThePlan,1
#Agenda21,#TrustThePlan,1
#BillGatesVirus,#q,2
#BillGatesVirus,#QArmy,3
#BillGatesVirus,#qanon,1
#DeepState,#VoterFraud,3
#EmptyHospitals,#fakenews,1
#EmptyHospitals,#WWG1WGAWORLDWIDE,1
#WWG1WGAWORLDWIDE,#fakenews,2
#SavetheChildren,#TheStormIsHere,2
#CCPVirus,#Qanon,1
#Qarmy,#savethechildren,2
#TheStormIsHere,#savethechildren,3
#BillGatesIsNotOurFriend,#WWG1WGAWORLDWIDE,1
#endthelockdown,#qanon,1
#WWG1WGA,#endthelockdown,2
#ChinaLiedPeopleDied,#Spygate,1
#ChinaVirus,#Spygate,1
#FauciFraud,#Q,1
#FauciFraud,#QAnons,1
#FauciFraud,#QArmy,1
#ChineseCoronaVirus,#Qanon,1
#ChinaIsAsshoe,#Coronavirustruth,1
#FauciFraud,#qanon,1
#FauciFraud,#wwg1wga,1
#FauciFraud,#q,1
#ChinaMustExplain,#CrimesAgainstChildren,1
#CrimesAgainstChildren,#QAnon2020,1
#CrimesAgainstChildren,#QanonArmy,1
#ChinaMustExplain,#CrimesAgainstHumanity,1
#CrimesAgainstHumanity,#QAnon2020,1
#CrimesAgainstHumanity,#QanonArmy,1
#ChinaMustExplain,#QAnon,1
#ChinaMustExplain,#QAnon2020,1
#ChinaMustExplain,#QanonArmy,1
#ChinaVirus,#DeepState,3
#BillGatesIsEvil,#VoterIDNow,1
#CCPLiedPeopleDied,#ChinaLiedPeopleDied,5
#ChinaVirus,#SaveTheChildren,1
#PizzaGate,#WWG1WGA_WORLDWIDE,2
#SavetheChildren,#qanon,3
#SavetheChildren,#thegreatawakening,2
#ChineseVirus,#FakeNewsCNN,1
#Coronavirustruth,#Qanon,3
#Coronavirustruth,#TheStormIsUponUs,2
#Coronavirustruth,#DarkToLight,2
#BillGatesVirus,#TrustThePlan,1
#ChinaVirus,#DarkToLight,1
#BoycottChina,#FakePandemic,1
#DeepState,#QanonArmy,2
#DEEPSTATETAKEDOWN,#TheStormIsHere,2
#DEEPSTATETAKEDOWN,#Spygate,1
#Spygate,#TheStormIsHere,1
#QanonArmy,#TheStormIsHere,2
#QanonArmy,#Spygate,1
#WWG1WGA,#fraud,1
#fraud,#qanon,1
#ChineseVirus19,#Plandemic,1
#FakeNewsMedia,#GreatAwakening,2
#deepstate,#genocide,1
#DeepStateExposed,#genocide,1
#BoycottChina,#CCPvirus,1
#COVIDIDIOT,#FireFauci,1
#CoronaHoax,#QAnons,1
#COVIDIOTS,#QAnons,2
#ChineseVirus19,#LockdownEnd,1
#Coronavirustruth,#FakeNewsMedia,1
#Coronavirustruth,#QArmy,1
#DarkToLight,#FauciFraud,1
#WWG1WGA_WORLDWIDE,#wwg1wga,2
#CCP_is_terrorist,#ChinaMustExplain,2
#FakeNews,#firefauci,1
#FilmYourHospital,#firefauci,1
#ChinaVirus,#qanon,1
#CNNFakeNews,#ChineseVirus19,1
#ChinaLiedPeopleDied,#SaveTheChildren,1
#Agenda2030,#SaveTheChildren,1
#Agenda2030,#ChinaLiedPeopleDied,1
#Q,#SignsYoureACOVIDIOT,1
#QAnon,#SignsYoureACOVIDIOT,1
#EmptyHospitals,#TrustThePlan,1
#Agenda2030,#firefauci,1
#VoterID,#plandemic,1
#LockdownEnd,#endthelockdown,1
#CCPLiedPeopleDied,#CCPvirus,1
#FauciFraud,#TheGreatAwakeningWorldwide,2
#FauciFraud,#WWG1WGAWORLDWIDE,1
#BillGatesVirus,#ChineseVirus19,1
#TheGreatAwakeningWorldwide,#endthelockdown,1
#FakeNewsCNN,#FakePandemic,1
#ChinaLiedPeopleDied,#boycott_china_mncs,1
#CoronaHoax,#GreatAwakening,2
#FakeNewsMedia,#VoterID,1
#ChineseCoronaVirus,#DeepState,1
#ChineseCoronaVirus,#FakeNews,3
#Fraud,#SaveTheChildren,1
#BoycottChina,#chinavirus,3
#ChineseVirus,#SpyGate,1
#GreatAwakening,#VoterID,2
#COVIDIOTS,#CrimesAgainstHumanity,1
#CoronaHoax,#fakenews,2
#CCPLiedPeopleDied,#ChineseVirus19,1
#CNNFakeNews,#ChinaLiedAndPeopleDied,2
#QANON,#endthelockdown,1
#BillGatesIsEvil,#DeepState,2
#BillGatesIsEvil,#TheStormIsHere,3
#CoronaHoax,#endthelockdownnow,3
#CoronaVirusHOAX,#endthelockdownnow,2
#ChineseVirus19,#conspiracy,1
#SpyGate,#TheStormIsUponUs,1
#FauciFraud,#FilmYourHospital,1
#ChinaLiedPeopleDied,#QAnon,4
#FakeNewsMedia,#Q,1
#BillGatesIsNotOurFriend,#WWG1WGA_WORLDWIDE,2
#BigPharma,#WWG1WGA_WORLDWIDE,1
#ChineseVirus,#FauciFraud,1
#BigPharma,#DeepState,2
#BigPharma,#FakeNewsMedia,1
#EmptyHospitals,#SaveTheChildren,1
#DEEPSTATETAKEDOWN,#EmptyHospitals,1
#QanonArmy,#SavetheChildren,2
#SavetheChildren,#TheStormIsUponUs,1
#QanonArmy,#TrustThePlan,1
#CCPVirus,#DrainTheSwamp,1
#WWG1WGA_WORLDWIDE,#thegreatawakening,1
#COVIDIOTS,#Q,1
#ChineseCoronaVirus,#FireFauci,1
#Fakenews,#Qanon,2
#BillGatesIsEvil,#TheGreatAwakeningWorldwide,3
#BillGatesVirus,#TheGreatAwakeningWorldwide,1
#BillGatesIsEvil,#DarkToLight,1
#BillGatesVirus,#DarkToLight,1
#BillGatesVirus,#TheStormIsHere,1
#BillGatesVirus,#TheStormIsUponUs,1
#FAKENEWS,#FilmYourHospital,1
#FAKENEWS,#Plandemic,1
#DarkToLight,#VoterID,5
#QAnon2018,#QanonArmy,1
#QAnon2018,#QArmy,1
#QAnon2018,#SaveTheChildren,1
#plandemic,#q,1
#Fraud,#Treason,2
#Fraud,#WWG1WGA,1
#Qanons,#qanon,1
#Coronavirustruth,#SaveTheChildren,2
#COVIDIOTS,#ChinaMustExplain,1
#Agenda21,#ChinaLiedPeopleDied,1
#ChinaLiedPeopleDied,#WWG1WGAWORLDWIDE,1
#CCPVirus,#CrimesAgainstChildren,1
#ChinaVirus,#FilmYourHospital,1
#ChinaLiedPeopleDied,#FilmYourHospital,1
#CCPVirus,#FakeNewsMedia,4
#BigPharma,#COVIDIOTS,1
#Qanon,#VoterFraud,1
#CrimesAgainstHumanity,#SavetheChildren,1
#Fakenews,#Q,1
#conspiracy,#qanon,1
#conspiracy,#thegreatawakening,1
#conspiracy,#deepstate,1
#Qanon,#savethechildren,2
#EmptyHospitals,#FakePandemic,1
#GreatAwakeningWorldwide,#q,1
#DrainTheSwamp,#FakeNewsCNN,1
#CoronaHoax,#FakeNewsCNN,1
#CoronaHoax,#DrainTheSwamp,2
#FakeNewsCNN,#WWG1WGA,1
#VoterFraud,#plandemic,1
#Plandemic,#TheGreatAwakeningWorldwide,1
#CoronaVirusHOAX,#chinavirus,1
#ChinaLiedPeopleDied,#CoronaVirusHOAX,1
#EmptyHospitals,#chinavirus,1
#ChinaLiedPeopleDied,#EmptyHospitals,1
#ChinaLiedPeopleDie,#fakenews,1
#Pedogate,#QAnon2020,3
#QAnon2020,#Spygate,1
#FilmYourHospital,#Qanon,2
#ChinaMustExplain,#FakeNewsMedia,1
#ChinaMustExplain,#ChineseCoronaVirus,2
#ChinaMustPay,#ChineseCoronaVirus,4
#BigPharma,#Plandemic,1
#EmptyHospitals,#TheGreatAwakening,1
#FakeNewsCNN,#VoterFraud,1
#BillGatesBioTerrorist,#Q,1
#BillGatesBioTerrorist,#WWG1WGAWORLDWIDE,1
#FAKENEWS,#qanon,1
#CCPvirus,#ChinaLiedAndPeopleDied,1
#Pedogate,#SavetheChildren,1
#CCPVirus,#ChineseVirusCensorship,2
#5GCoronavirus,#QAnon2020,1
#COVIDIOTS,#FlatEarth,1
#DrainTheSwamp,#qanon,2
#BillGatesIsNotOurFriend,#Pedogate,1
#BigPharma,#SaveTheChildren,2
#BigPharma,#DrainTheSwamp,2
#DeepState,#conspiracy,1
#DEEPSTATETAKEDOWN,#conspiracy,1
#DeepStateExposed,#conspiracy,1
#Qanon,#conspiracy,1
#GreatAwakeningWorldwide,#conspiracy,1
#WWG1WGAWORLDWIDE,#conspiracy,1
#FauciFraud,#conspiracy,1
#BigPharma,#BillGatesIsEvil,1
#BillGatesIsEvil,#SaveTheChildren,1
#BigPharma,#BillGatesBioTerrorist,1
#BillGatesBioTerrorist,#SaveTheChildren,2
#BillGatesIsNotOurFriend,#SaveTheChildren,1
#CoronaVirusHOAX,#QAnon,1
#CoronaVirusHOAX,#QArmy,1
#ChinaMustPay,#CoronaVirusHOAX,1
#ChinaMustPay,#QAnon,1
#ChinaMustPay,#QArmy,1
#BillGatesIsEvil,#COVIDIOT,1
#BillGatesIsNotOurFriend,#COVIDIOT,1
#ChinaIsAsshoe,#Qanon,1
#ChinaLiedPeopleDied,#deepstate,1
#ChinaLiedPeopleDied,#QANON,1
#ChinaLiedPeopleDied,#Q,1
#Qanons,#q,1
#BillGatesIsNotOurFriend,#q,1
#BillGatesVirus,#Qanons,1
#BillGatesIsNotOurFriend,#Qanons,2
#BillGatesVirus,#QAnon2020,1
#BillGatesIsNotOurFriend,#QAnon2020,1
#BillGatesIsNotOurFriend,#QArmy,1
#BillGatesIsNotOurFriend,#QanonArmy,1
#BillGatesIsNotOurFriend,#qanon,1
#DeepStateExposed,#TrustThePlan,1
#ChineseVirus19,#WWG1WGA,1
#ChineseVirus19,#QAnon,2
#QAnon2018,#VoterFraud,1
#QAnon2020,#VoterFraud,1
#CNNFakeNews,#ChinaMustPay,1
#DEEPSTATETAKEDOWN,#PIZZAGATEISREAL,1
#SpyGate,#Treason,1
#CNNFakeNews,#QAnon,1
#Qarmy,#WWG1WGA_WORLDWIDE,3
#ChineseVirus,#FakeNewsAlert,1
#Coronavirustruth,#QAnon2020,1
#BillGatesBioTerrorist,#DeepStateExposed,1
#covidiots,#plandemic,1
#TheGreatAwakeningWorldwide,#VoterIDNow,1
#VoterIDNow,#WWG1WGAWORLDWIDE,1
#CrimesAgainstChildren,#DrainTheSwamp,1
#ChinaLiedPeopleDied,#QanonArmy,1
#ChinaLiedPeopleDied,#Qanon,1
#Qanons,#savethechildren,1
#Qanons,#wwg1wga,1
#CCPLiedPeopleDied,#ChineseCoronaVirus,1
#DeepStateExposed,#FakeNews,1
#DeepStateExposed,#FakePandemic,1
#ChinaMustPay,#ChineseVirusCensorship,3
#DeepStateExposed,#qanon,1
#Plandemic,#Q,2
#COVIDIOTS,#FilmYourHospital,2
#Agenda2030,#QArmy,1
#BigPharma,#FakeNewsCNN,1
#CrimesAgainstHumanity,#FakeNewsMedia,1
#Spygate,#VoterID,1
#CCPVirus,#fakenews,1
#CCPVirus,#ChineseCoronaVirus,1
#FauciFraud,#Treason,2
#ChinaLiedPeopleDied,#DarkToLight,1
#Plandemic,#QAnon2020,1
#COVIDIOTS,#ChinaLiedPeopleDie,2
#GreatAwakeningWorldwide,#QANON,1
#CrimesAgainstChildren,#FireFauci,1
#BigPharma,#CrimesAgainstChildren,1
#BigPharma,#CrimesAgainstHumanity,1
#ChineseVirus,#CrimesAgainstHumanity,1
#Agenda21,#FireFauci,1
#BigPharma,#EmptyHospitals,1
#BigPharma,#FilmYourHospital,1
#FilmYourHospital,#Fraud,1
#TheStormIsHere,#wwg1wga,1
#ChinaLiedAndPeopleDied,#VoterIDNow,1
#ChinaMustPay,#FAKENEWS,1
#CCPVirus,#QAnon,1
#CCPVirus,#TheGreatAwakening,1
#ChineseVirus19,#ChineseVirusCensorship,2
#FilmYourHospital,#PizzaGate,1
#ChinaVirus,#Plandemic,1
#COVIDIOT,#EmptyHospitals,1
#FAKENEWS,#Q,1
#DrainTheSwamp,#FAKENEWS,1
#GreatAwakening,#Spygate,2
#MakeChinaPay,#chinavirus,1
#Plandemic,#SignsYoureACOVIDIOT,1
#COVIDIOT,#ChinaMustExplain,1
#COVIDIOT,#ChineseVirus,1
#COVIDIOT,#ChineseVirusCensorship,1
#BillGatesIsEvil,#wwg1wga,2
#CCPVirus,#DarkToLight,1
#PIZZAGATEISREAL,#TrustThePlan,1
#CNNFakeNews,#VoterFraud,2
#CNNFakeNews,#DeepState,2
#Qanon,#Spygate,1
#FilmYourHospital,#Genocide,1
#CCP_is_terrorist,#COVIDIOTS,1
#CCPVirus,#COVIDIOTS,1
#ChinaLiedAndPeopleDied,#QAnon,1
#FakePandemic,#QArmy,1
#CoronaHoax,#QArmy,1
#FakePandemic,#QAnon2020,1
#CoronaHoax,#QAnon2020,1
#SpyGate,#WWG1WGAWORLDWIDE,2
#GreatAwakeningWorldwide,#SpyGate,1
#Qanons,#deepstate,1
#TrustThePlan,#thegreatawakening,2
#CrimesAgainstChildren,#Plandemic,1
#TheGreatAwakeningWorldwide,#VoterID,1
#TheGreatAwakeningWorldwide,#savethechildren,2
#VoterID,#savethechildren,1
#CCPLiedPeopleDied,#ChinaLiedPeopleDie,2
#CCPVirus,#Fraud,1
#QAnon2020,#Qarmy,1
#Agenda2030,#FakeNews,1
#FireFauci,#Qanon,1
#Coronavirustruth,#Qarmy,1
#5GCoronavirus,#Q,1
#Qanon,#endthelockdown,1
#QArmy,#endthelockdown,1
#COVIDIOT,#FAKENEWS,1
#FauciFraud,#TheGreatAwakening,1
#FauciFraud,#plandemic,1
#QAnon2020,#pizzagate,1
#COVIDIDIOTS,#Plandemic,1
#Agenda21,#COVIDIDIOTS,1
#Agenda2030,#COVIDIDIOTS,1
#FilmYourHospital,#GreatAwakening,3
#CoronaHoax,#PizzaGate,1
#CoronaHoax,#Fraud,1
#Fraud,#PizzaGate,1
#FauciFraud,#LockdownEnd,1
#GreatAwakeningWorldwide,#SavetheChildren,1
#Agenda21,#deepstate,1
#ChinaLiedPeopleDied,#FAKENEWS,1
#TheGreatAwakeningWorldwide,#VoterFraud,1
#Agenda21,#ChinaVirus,1
#FakePandemic,#GreatAwakening,2
#ChinaLiedPeopleDie,#FakeNews,1
#COVIDIDIOTS,#ChinaVirus,1
#Qarmy,#wwg1wga,1
#FireFauci,#TheStormIsHere,1
#BillGatesBioTerrorist,#COVIDIOT,1
#ChinaLiedPeopleDied,#TheGreatAwakening,1
#TheGreatAwakeningWorldwide,#firefauci,1
#CCP_is_terrorist,#firefauci,1
#CCP_is_terrorist,#TheGreatAwakeningWorldwide,1
#DrainTheSwamp,#savethechildren,1
#GreatAwakening,#TheGreatAwakeningWorldwide,1
#EmptyHospitals,#plandemic,1
#endthelockdownnow,#plandemic,1
#EmptyHospitals,#endthelockdownnow,1
#COVIDIOTS,#EmptyHospitals,1
#COVIDIOTS,#endthelockdownnow,1
#BoycottChina,#ChineseVirusCensorship,1
#FilmYourHospital,#WWG1WGAWORLDWIDE,1
#FilmYourHospital,#PIZZAGATEISREAL,1
#TrustThePlan,#VoterID,1
#SaveTheChildren,#VoterID,1
#TheStormIsHere,#VoterID,1
#GreatAwakeningWorldwide,#PizzaGate,1
#Qanons,#TheStormIsHere,2
#BillGatesIsEvil,#Qanons,1
#BillGatesIsNotOurFriend,#TheStormIsHere,1
#BillGatesIsNotOurFriend,#TheStormIsUponUs,1
#BillGatesIsNotOurFriend,#DrainTheSwamp,1
#ChineseCoronaVirus,#ChineseVirusCensorship,1
#DeepState,#FAKENEWS,1
#FAKENEWS,#QAnon,1
#FAKENEWS,#WWG1WGAWORLDWIDE,1
#CrimesAgainstChildren,#DeepStateExposed,2
#CrimesAgainstHumanity,#DeepStateExposed,1
